Artist 1,Artist 2,Cosine Similarity
gob,blue rodeo,0.22728593614031484
gob,duesenjaeger,0.21757814948888696
jamie cullum,tony bennett,0.21036756823076294
tangerine dream,richard souther,0.18780837785681867
casual,snoop dogg,0.18227312081107722
adam ant,frankie goes to hollywood,0.17616477112809334
sonora santanera,andy andy,0.16361025557898135
international noise conspiracy,sofia talvik,0.16108895496362793
extreme noise terror,defecation,0.15578375577622453
sofia talvik,poe,0.14910344889944366
international noise conspiracy,duesenjaeger,0.14199753725428987
junkie xl,motorbass,0.13315457506647743
thomas dutronc,motorbass,0.12207851096746421
cyndi lauper,frankie goes to hollywood,0.12159434869446642
son kite,junkie xl,0.12024793533850084
planet p project,tangerine dream,0.1189719978604916
gob,international noise conspiracy,0.11875528934134028
adam ant,cyndi lauper,0.11153051838251792
cyndi lauper,lionel richie,0.11006729223063866
cyndi lauper,poe,0.10631810733177224
frankie goes to hollywood,matthew wilder,0.10533169744314565
frankie goes to hollywood,lionel richie,0.1045801971861417
poe,beach house,0.10292215763228309
jamie cullum,lionel richie,0.10030245440429787
jamie cullum,alisha's attic,0.09426056275390159
sofia talvik,beach house,0.09357815411089955
jamie cullum,mike stern,0.08874191914709363
sofia talvik,alisha's attic,0.08803050973616088
cyndi lauper,cristina,0.08739952065787766
poe,alisha's attic,0.08351741348333472
tony bennett,lionel richie,0.08293646556372763
tangerine dream,junkie xl,0.08224957177934161
cyndi lauper,sofia talvik,0.08172930930049509
adam ant,matthew wilder,0.08036981957537331
talkdemonic,richard souther,0.07955711317205036
adam ant,lionel richie,0.07879725564523912
big brother & the holding company,tesla,0.07792777937020429
beach house,alisha's attic,0.07650392381706853
the box tops,big brother & the holding company,0.07633654197031278
frankie goes to hollywood,cristina,0.07587146082567137
adam ant,cristina,0.07409750402342097
cyndi lauper,paris hilton,0.07407997779327374
frankie goes to hollywood,alisha's attic,0.07278556090901331
matthew wilder,lionel richie,0.07188838840490978
cristina,motorbass,0.0717749201684729
cyndi lauper,alisha's attic,0.0711818939974189
jamie cullum,frankie goes to hollywood,0.06965627950708277
cyndi lauper,beach house,0.06858445390572743
cyndi lauper,matthew wilder,0.0681871364788303
richard souther,eumir deodato,0.06800574403018282
international noise conspiracy,chokebore,0.06674588084848644
adelitas way,poe,0.06651395596412642
halvdan sivertsen,sofia talvik,0.06621030364984633
tony bennett,mike stern,0.06424451338580076
jamie cullum,poe,0.06402284283126583
mike stern,thomas dutronc,0.06239059245394506
snoop dogg,lionel richie,0.06201645599948291
adam ant,alisha's attic,0.060852917926737006
adelitas way,tesla,0.059774184676469694
mike stern,richard souther,0.0591334894552978
frankie goes to hollywood,junkie xl,0.05889198400381015
adam ant,gob,0.05796761153018875
adam ant,duesenjaeger,0.05766190732912253
jamie cullum,cyndi lauper,0.05450401936453861
jamie cullum,thomas dutronc,0.05404479128395037
tony bennett,thomas dutronc,0.0536273649440118
talkdemonic,tangerine dream,0.05320458294726075
cristina,lionel richie,0.05262078888940767
lionel richie,alisha's attic,0.0521705355876584
jamie cullum,beach house,0.05204088825454084
big brother & the holding company,poe,0.051813038031967414
jamie cullum,adam ant,0.051801858204978166
big brother & the holding company,lionel richie,0.05138617328182063
international noise conspiracy,poe,0.05129816538620343
neal schon,mike stern,0.050522816487735406
chokebore,poe,0.04990721072499358
chokebore,beach house,0.04954071182401636
adam ant,planet p project,0.049344320229862994
big brother & the holding company,cyndi lauper,0.04933342420825401
suicide commando,junkie xl,0.04803907836198445
cristina,matthew wilder,0.04492606224817888
paris hilton,poe,0.04484588574787566
beach house,junkie xl,0.04483496573984875
big brother & the holding company,sofia talvik,0.044408825685416056
adam ant,tesla,0.04354861977468173
tangerine dream,motorbass,0.04313069985890126
poe,junkie xl,0.043113913268566395
poe,lionel richie,0.04297823192278715
cyndi lauper,junkie xl,0.042048695974575646
big brother & the holding company,jamie cullum,0.04157608411302854
poe,o.a.r.,0.041481433073973416
cristina,latin lover,0.04122298468063875
malvina reynolds,sofia talvik,0.04047642358014928
big brother & the holding company,beach house,0.04026307766527558
paris hilton,sofia talvik,0.04014652133937406
frankie goes to hollywood,planet p project,0.04009997450060722
jamie cullum,o.a.r.,0.04003700425574326
planet p project,mike stern,0.04003617061557852
international noise conspiracy,beach house,0.03974357782550386
frankie goes to hollywood,tangerine dream,0.03944315337700092
big brother & the holding company,tony bennett,0.039240796336360725
neal schon,richard souther,0.03921961997729258
lionel richie,tesla,0.03914721558139466
beach house,lionel richie,0.039099343687459175
snoop dogg,paris hilton,0.038994831488939626
mike stern,eumir deodato,0.03840987311052402
the box tops,lionel richie,0.03800367632693251
cristina,poe,0.03762662361297733
tony bennett,eumir deodato,0.03745734966197055
cyndi lauper,tony bennett,0.03714626719396563
frankie goes to hollywood,tesla,0.036960606864036474
talkdemonic,beach house,0.03667051005807876
frankie goes to hollywood,poe,0.03665136508562592
tangerine dream,beach house,0.036629153186240715
jamie cullum,sofia talvik,0.036627585339556255
jamie cullum,eumir deodato,0.03655469072816236
poe,tangerine dream,0.03654144642200388
cyndi lauper,planet p project,0.03632958797900117
paris hilton,alisha's attic,0.035898800475883653
adelitas way,gob,0.03556374973037197
son kite,tangerine dream,0.035438061516141414
casual,big brother & the holding company,0.03542643395756293
andy andy,eumir deodato,0.035154159878524466
malvina reynolds,beach house,0.03426359453984134
son kite,motorbass,0.0341091035027739
adam ant,international noise conspiracy,0.033900248034289475
big brother & the holding company,alisha's attic,0.033824389725649016
frankie goes to hollywood,latin lover,0.03373644209058976
the box tops,tony bennett,0.033643426617626024
jamie cullum,snoop dogg,0.03362194820831599
planet p project,matthew wilder,0.03358847544824666
cristina,thomas dutronc,0.03353340780660676
lionel richie,latin lover,0.0334778338285777
cristina,planet p project,0.033218587274592884
cyndi lauper,tesla,0.03266758460940735
extreme noise terror,duesenjaeger,0.03233080343440723
paris hilton,lionel richie,0.03219014287341787
gob,extreme noise terror,0.032078088453179256
malvina reynolds,poe,0.031109761574347534
suicide commando,tangerine dream,0.030688254618991075
adam ant,junkie xl,0.030610126294004652
the donkeys,duesenjaeger,0.03056954602850403
frankie goes to hollywood,beach house,0.030341561582956856
adelitas way,international noise conspiracy,0.029787990938748284
beach house,o.a.r.,0.029722848379839316
planet p project,lionel richie,0.029635382470352616
paris hilton,beach house,0.029568842630805784
the donkeys,poe,0.029463000728069202
defecation,tesla,0.028470215997322933
richard souther,junkie xl,0.028004313529977773
paris hilton,junkie xl,0.02794283729313233
snoop dogg,motorbass,0.027893083310282105
gob,tesla,0.027804480767975093
cyndi lauper,latin lover,0.02773957941798497
jamie cullum,richard souther,0.027530169838966223
cristina,junkie xl,0.027226199988300556
cyndi lauper,malvina reynolds,0.027194838014302287
paris hilton,cristina,0.026615807555746062
big brother & the holding company,frankie goes to hollywood,0.02634521524080769
the box tops,cyndi lauper,0.026339732618166026
cyndi lauper,snoop dogg,0.026273270211549092
frankie goes to hollywood,tony bennett,0.026153746804000275
snoop dogg,junkie xl,0.02599070998790907
frankie goes to hollywood,motorbass,0.025964447867980397
talkdemonic,eumir deodato,0.025846957592798817
chokebore,the donkeys,0.025842081319066616
international noise conspiracy,alisha's attic,0.025834602636940734
planet p project,tesla,0.02578217994217596
snoop dogg,poe,0.025495751957486087
adelitas way,o.a.r.,0.025358061706444408
poe,blue rodeo,0.02520257438035465
international noise conspiracy,the donkeys,0.025075388053303678
neal schon,tangerine dream,0.02506889521129735
mike stern,tangerine dream,0.025047377983521087
halvdan sivertsen,lionel richie,0.024997179958038192
adam ant,poe,0.024574162249788582
gob,poe,0.024539643538264825
big brother & the holding company,malvina reynolds,0.02440694267020607
sofia talvik,o.a.r.,0.024302175848458805
talkdemonic,junkie xl,0.024264251783152165
beach house,blue rodeo,0.024204997134265365
chokebore,duesenjaeger,0.023852184868941625
planet p project,junkie xl,0.023653511094306863
snoop dogg,frankie goes to hollywood,0.023573993611686956
paris hilton,frankie goes to hollywood,0.023550214844036327
the donkeys,beach house,0.02346353939026207
poe,duesenjaeger,0.023326729429191093
adelitas way,blue rodeo,0.022886427753504517
frankie goes to hollywood,international noise conspiracy,0.022645492226444786
sonora santanera,eumir deodato,0.022539501806881142
jamie cullum,blue rodeo,0.022199259256569823
matthew wilder,alisha's attic,0.022114683719086193
cristina,tangerine dream,0.02190922419811354
tony bennett,beach house,0.02185155353503663
son kite,beach house,0.021662854357916542
lionel richie,o.a.r.,0.021652626302202792
big brother & the holding company,o.a.r.,0.02164126930528359
beach house,duesenjaeger,0.021581705197324417
cristina,sofia talvik,0.021549288383509745
poe,tesla,0.02151102520554765
eumir deodato,thomas dutronc,0.021474404996913336
frankie goes to hollywood,duesenjaeger,0.021433717529971117
big brother & the holding company,paris hilton,0.021408860696346305
malvina reynolds,alisha's attic,0.021262108881129865
jamie cullum,talkdemonic,0.021252456153124488
big brother & the holding company,snoop dogg,0.0211904857809005
tony bennett,matthew wilder,0.021097143128751286
big brother & the holding company,adam ant,0.02104881846583104
cyndi lauper,motorbass,0.020897728352407805
duesenjaeger,alisha's attic,0.02086688690926563
casual,motorbass,0.02076767766212094
big brother & the holding company,tangerine dream,0.020752490901177957
matthew wilder,o.a.r.,0.020719705467440615
matthew wilder,tesla,0.02070731848256119
big brother & the holding company,blue rodeo,0.020696698144545667
jamie cullum,paris hilton,0.020688916605760967
richard souther,thomas dutronc,0.020668442012227693
jamie cullum,junkie xl,0.020600576249205322
extreme noise terror,tesla,0.020590248836129702
talkdemonic,mike stern,0.020520689960861514
adelitas way,big brother & the holding company,0.020510167807248264
snoop dogg,beach house,0.02037211174138871
snoop dogg,alisha's attic,0.020122099031808616
gob,alisha's attic,0.02008877523249778
cyndi lauper,tangerine dream,0.0199097185236845
o.a.r.,alisha's attic,0.019909485477673176
lionel richie,junkie xl,0.0199011784917749
chokebore,o.a.r.,0.019622909591144197
the box tops,frankie goes to hollywood,0.019620578981586846
adam ant,latin lover,0.019212993447208726
matthew wilder,junkie xl,0.01920127258029037
matthew wilder,blue rodeo,0.019183013940586535
tony bennett,alisha's attic,0.01913302854905854
paris hilton,matthew wilder,0.01903864934125699
talkdemonic,poe,0.01903476676330347
the box tops,jamie cullum,0.018990062908192846
big brother & the holding company,son kite,0.0188220012003784
gob,frankie goes to hollywood,0.018665531532441083
matthew wilder,tangerine dream,0.018417516262616052
adelitas way,snoop dogg,0.018239264697892527
andy andy,alejandro santiago,0.01805841045940293
cyndi lauper,o.a.r.,0.017727062408979376
snoop dogg,cristina,0.017658106345229976
suicide commando,motorbass,0.017439143516594376
sofia talvik,lionel richie,0.017402583774361175
sonora santanera,alisha's attic,0.01737975844645639
cristina,beach house,0.01735978674379194
lionel richie,blue rodeo,0.017027193515687003
tony bennett,poe,0.01688157237287509
adam ant,beach house,0.016835622889995985
international noise conspiracy,o.a.r.,0.01681979941132908
frankie goes to hollywood,o.a.r.,0.016715521668730703
cyndi lauper,blue rodeo,0.01671057960271164
the box tops,matthew wilder,0.0164212312168496
the box tops,the donkeys,0.016418700291949622
big brother & the holding company,planet p project,0.01629828688268367
o.a.r.,tesla,0.01621955332521562
casual,paris hilton,0.01613934004895663
jamie cullum,matthew wilder,0.016062962912888747
latin lover,junkie xl,0.01602945976448799
cristina,tesla,0.016008371179422897
tangerine dream,lionel richie,0.016001891965362704
international noise conspiracy,extreme noise terror,0.015934100195760862
the box tops,beach house,0.015876132470467434
cristina,alisha's attic,0.015860540062879565
big brother & the holding company,matthew wilder,0.015804946785389094
jamie cullum,tesla,0.015778963450523428
big brother & the holding company,the donkeys,0.015776733748600703
the box tops,adam ant,0.01576287767807846
malvina reynolds,international noise conspiracy,0.0157374766057098
son kite,malvina reynolds,0.01550126915393434
adelitas way,jamie cullum,0.015444611386038
adam ant,paris hilton,0.015438748717859585
chokebore,sofia talvik,0.015417012699737515
eumir deodato,motorbass,0.015247356905226911
jamie cullum,malvina reynolds,0.015225061243338918
jamie cullum,gob,0.015209647485635391
adelitas way,beach house,0.015190173300864035
the box tops,alisha's attic,0.015189096314164222
sofia talvik,blue rodeo,0.01516994601633921
son kite,suicide commando,0.01506804489112781
jamie cullum,tangerine dream,0.015055635262455588
blue rodeo,o.a.r.,0.015047911989229619
gob,cyndi lauper,0.015019963390383058
paris hilton,motorbass,0.01501778625620227
the donkeys,blue rodeo,0.014872441502529397
o.a.r.,duesenjaeger,0.014715854742872285
adam ant,tangerine dream,0.014576660240712636
alisha's attic,tesla,0.014560217787273039
poe,motorbass,0.014511170563968466
blue rodeo,tesla,0.014482470567442748
adam ant,o.a.r.,0.014431257127441867
alisha's attic,junkie xl,0.014088862050182616
duesenjaeger,tesla,0.013992382128528838
sofia talvik,mike stern,0.013974241651657011
the box tops,poe,0.01388711090889277
sofia talvik,duesenjaeger,0.013880108412219186
frankie goes to hollywood,suicide commando,0.013865497129731104
latin lover,tesla,0.01385390445185442
big brother & the holding company,duesenjaeger,0.013756354836254281
adelitas way,cyndi lauper,0.013729691125235957
jamie cullum,international noise conspiracy,0.013634625043621148
the box tops,tesla,0.013618960383229226
jamie cullum,halvdan sivertsen,0.013584370356382608
matthew wilder,poe,0.013560317700188737
beach house,motorbass,0.01355837518363384
adelitas way,lionel richie,0.013489850220355764
tony bennett,blue rodeo,0.01331026604217939
planet p project,latin lover,0.013303446428544256
gob,o.a.r.,0.013150795035266989
son kite,poe,0.01311641717409092
cyndi lauper,international noise conspiracy,0.01310351183106907
o.a.r.,junkie xl,0.013047757728752456
tangerine dream,eumir deodato,0.012977453476886553
adelitas way,adam ant,0.012804041943279871
gob,the donkeys,0.012780686325480732
talkdemonic,sofia talvik,0.012703974437269125
adam ant,the badloves,0.012559468024959409
matthew wilder,beach house,0.012551477435017997
cyndi lauper,suicide commando,0.012352788718668238
halvdan sivertsen,poe,0.012270051551572323
son kite,cyndi lauper,0.012250065144404921
jamie cullum,motorbass,0.012122850971375101
big brother & the holding company,mike stern,0.012089439854960186
son kite,frankie goes to hollywood,0.011967957542601874
paris hilton,tony bennett,0.011897675399861382
jamie cullum,cristina,0.011888250382536306
malvina reynolds,tony bennett,0.01183234834734798
halvdan sivertsen,cyndi lauper,0.011772162219965548
sofia talvik,richard souther,0.011704033288479531
richard souther,o.a.r.,0.011667290356188372
tony bennett,cristina,0.011585315557718603
sonora santanera,alejandro santiago,0.011578361610278878
snoop dogg,matthew wilder,0.011560074020350884
adelitas way,alisha's attic,0.011511112475169043
planet p project,poe,0.011459372290238936
adam ant,tony bennett,0.011422705891456872
junkie xl,eumir deodato,0.011344376278646104
mike stern,poe,0.01131365173107509
mike stern,lionel richie,0.011307315585877073
tony bennett,richard souther,0.011269427186287677
suicide commando,poe,0.011225847372186848
gob,chokebore,0.011081407898369759
big brother & the holding company,cristina,0.011037734496332085
gob,beach house,0.011030556611638268
paris hilton,extreme noise terror,0.011018438181506617
tony bennett,o.a.r.,0.011004872140798387
the box tops,malvina reynolds,0.010965070993242025
son kite,paris hilton,0.010940210238069467
suicide commando,beach house,0.010885746112831668
paris hilton,malvina reynolds,0.010836708581852789
talkdemonic,o.a.r.,0.010781956385803235
chokebore,alisha's attic,0.010761207757334195
gob,junkie xl,0.010740770891822259
mike stern,beach house,0.010683963182252041
planet p project,duesenjaeger,0.010651223889313874
snoop dogg,tony bennett,0.010571187501283885
adelitas way,frankie goes to hollywood,0.010451101302620492
the box tops,paris hilton,0.010361298859805983
adelitas way,chokebore,0.01032393779085775
adam ant,snoop dogg,0.010278452979618529
andy andy,poe,0.010164608199254358
international noise conspiracy,tesla,0.010155995502119099
frankie goes to hollywood,extreme noise terror,0.010119588711115112
cyndi lauper,talkdemonic,0.010117870017977338
malvina reynolds,lionel richie,0.010061991002246569
tangerine dream,duesenjaeger,0.010057205528658531
tony bennett,sofia talvik,0.010038173752226489
paris hilton,latin lover,0.009957834593688306
frankie goes to hollywood,blue rodeo,0.009944461156787746
talkdemonic,thomas dutronc,0.009874991275744085
adam ant,malvina reynolds,0.009816176085855588
adam ant,extreme noise terror,0.009810801320338219
lionel richie,eumir deodato,0.009700942877179214
blue rodeo,duesenjaeger,0.00966526397836534
mike stern,o.a.r.,0.009435719875168102
talkdemonic,motorbass,0.009427594727136635
neal schon,tesla,0.009409733594556245
lionel richie,motorbass,0.009364840181028579
big brother & the holding company,international noise conspiracy,0.009339938875361685
chokebore,lionel richie,0.009185747396148197
malvina reynolds,cristina,0.009162872868979334
jamie cullum,duesenjaeger,0.00915219654070504
jamie cullum,extreme noise terror,0.009087711889760198
cyndi lauper,chokebore,0.009065756820658782
malvina reynolds,frankie goes to hollywood,0.009031686216023505
malvina reynolds,blue rodeo,0.0090023243406368
frankie goes to hollywood,chokebore,0.008991904670110728
talkdemonic,suicide commando,0.008960508852100814
malvina reynolds,o.a.r.,0.008718968696732244
tony bennett,talkdemonic,0.008709126417882873
lionel richie,thomas dutronc,0.008655825347402519
snoop dogg,latin lover,0.008639499909339854
tony bennett,tesla,0.008635298540690804
adelitas way,junkie xl,0.008611933355393267
cristina,talkdemonic,0.008592456133870656
big brother & the holding company,junkie xl,0.008556345338166777
matthew wilder,latin lover,0.008540078381894307
cyndi lauper,thomas dutronc,0.008528712939626985
adam ant,chokebore,0.00848080210372027
big brother & the holding company,gob,0.008466391604258147
snoop dogg,tangerine dream,0.008417732992016156
adam ant,blue rodeo,0.00841629085544951
duesenjaeger,junkie xl,0.008380785104383776
latin lover,motorbass,0.008298539521630774
blue rodeo,alisha's attic,0.00829011068838318
mike stern,tesla,0.00826399903768018
matthew wilder,motorbass,0.008244581366063772
jamie cullum,chokebore,0.008216833730140313
jamie cullum,son kite,0.008196679980224796
the box tops,gob,0.008147873077625323
beach house,tesla,0.008041843270076716
the badloves,cristina,0.00801384466346994
the donkeys,o.a.r.,0.007957676003753265
adelitas way,the box tops,0.007949157955387871
cyndi lauper,duesenjaeger,0.007873167223713135
adelitas way,casual,0.007833329498865666
planet p project,blue rodeo,0.007829997179531463
beach house,richard souther,0.0077678699629522355
frankie goes to hollywood,talkdemonic,0.00774908964027064
chokebore,blue rodeo,0.0075686012246771765
the donkeys,sofia talvik,0.007479107816807202
casual,poe,0.0074782944394352025
son kite,eumir deodato,0.00745323263549093
snoop dogg,o.a.r.,0.007340313508683569
cyndi lauper,mike stern,0.007288583830754279
tangerine dream,o.a.r.,0.007207809128203221
the badloves,duesenjaeger,0.0072021535108698275
gob,lionel richie,0.007150391166512694
paris hilton,o.a.r.,0.007137819853581543
poe,thomas dutronc,0.007136618831795066
jamie cullum,the badloves,0.007102058974440743
mike stern,junkie xl,0.007096408502023235
tony bennett,junkie xl,0.0070823046409304695
adam ant,sofia talvik,0.007054458261570521
malvina reynolds,planet p project,0.007009104271466312
planet p project,alisha's attic,0.006945133200899897
casual,talkdemonic,0.006913397411004711
the box tops,junkie xl,0.00689924278623897
beach house,thomas dutronc,0.006868698823844579
big brother & the holding company,richard souther,0.00684894416934547
the box tops,blue rodeo,0.006817484359557612
planet p project,beach house,0.006816275247449091
casual,alisha's attic,0.006791978988093735
cyndi lauper,the badloves,0.00672969976300687
poe,richard souther,0.006700550644452784
planet p project,o.a.r.,0.006683784300090738
the box tops,snoop dogg,0.006656565983486474
adelitas way,duesenjaeger,0.006614677597831291
international noise conspiracy,blue rodeo,0.006604669360822676
son kite,talkdemonic,0.006584470376710583
international noise conspiracy,lionel richie,0.0065386381693092795
sonora santanera,poe,0.006517157732257225
the donkeys,alisha's attic,0.006516879212056769
neal schon,talkdemonic,0.006483190789297596
international noise conspiracy,junkie xl,0.006381404517102152
halvdan sivertsen,alejandro santiago,0.006356786549343198
big brother & the holding company,talkdemonic,0.006319939225464811
neal schon,lionel richie,0.0063138919308547235
sofia talvik,tangerine dream,0.006309467040996877
son kite,cristina,0.0062937704367829386
adam ant,motorbass,0.006221452391168308
cristina,richard souther,0.006139260799972289
cristina,suicide commando,0.006108863426556697
lionel richie,richard souther,0.006080517381690632
jamie cullum,the donkeys,0.00607914675858962
neal schon,thomas dutronc,0.006048136800614841
frankie goes to hollywood,mike stern,0.006027557509250327
tony bennett,tangerine dream,0.006019166782465256
gob,snoop dogg,0.005987016546432937
extreme noise terror,alisha's attic,0.005960593542759939
the donkeys,tesla,0.0059077303241782736
tony bennett,motorbass,0.005878374774435496
frankie goes to hollywood,sofia talvik,0.005743687133355543
the box tops,duesenjaeger,0.005723622040329225
talkdemonic,duesenjaeger,0.005673385583457478
cristina,international noise conspiracy,0.005670772863982924
talkdemonic,alisha's attic,0.005633456451384789
neal schon,eumir deodato,0.0056203358164774436
chokebore,junkie xl,0.0055098254734033065
sonora santanera,lionel richie,0.005475565780187302
o.a.r.,thomas dutronc,0.0054563003871212976
big brother & the holding company,chokebore,0.005414918524163623
gob,paris hilton,0.005414382992334312
talkdemonic,lionel richie,0.005385686733483645
poe,eumir deodato,0.005315127401258698
halvdan sivertsen,tesla,0.005276244969650473
sofia talvik,junkie xl,0.005255358937025487
son kite,lionel richie,0.005242513967687154
son kite,snoop dogg,0.005169356485656793
andy andy,lionel richie,0.005166202535732081
jamie cullum,neal schon,0.005152677641117172
big brother & the holding company,halvdan sivertsen,0.005135732903594002
junkie xl,tesla,0.005135451909476868
planet p project,motorbass,0.005117748961733918
casual,international noise conspiracy,0.005051107591026449
adam ant,mike stern,0.005027334550896185
big brother & the holding company,thomas dutronc,0.0049968701597736705
o.a.r.,eumir deodato,0.004979072054545951
sofia talvik,thomas dutronc,0.004946600078962075
casual,cyndi lauper,0.0049223379815148925
the badloves,frankie goes to hollywood,0.004845835650204088
paris hilton,tesla,0.00475802216232468
snoop dogg,sofia talvik,0.0047161759625411635
halvdan sivertsen,tony bennett,0.004647703368648769
malvina reynolds,chokebore,0.004603397700236697
casual,jamie cullum,0.0045947373959866
gob,tony bennett,0.004590944093337225
sonora santanera,tony bennett,0.004587210979901968
the box tops,international noise conspiracy,0.0045634692533252546
chokebore,tesla,0.004562285685859953
the badloves,tesla,0.00451017037916478
jamie cullum,suicide commando,0.004495673729702611
the box tops,planet p project,0.004487247676483468
tony bennett,the donkeys,0.004474888633893326
the box tops,tangerine dream,0.004467012116863066
paris hilton,thomas dutronc,0.004456252873045856
adelitas way,paris hilton,0.004451170794083103
snoop dogg,the badloves,0.004450499579654324
tangerine dream,thomas dutronc,0.004433684544713124
andy andy,motorbass,0.004430017883942741
international noise conspiracy,talkdemonic,0.004419216722356034
matthew wilder,suicide commando,0.004392364483627679
the box tops,o.a.r.,0.00430917226554848
suicide commando,blue rodeo,0.004258165858055672
andy andy,junkie xl,0.004226374852886219
planet p project,suicide commando,0.004187875239566675
adam ant,suicide commando,0.004179383507332932
adelitas way,tony bennett,0.004158009171377306
the badloves,beach house,0.004124613705776573
mike stern,alisha's attic,0.004115297741051963
son kite,tony bennett,0.004077070235678603
cristina,chokebore,0.004068544055080524
jamie cullum,planet p project,0.004067956682522772
casual,cristina,0.004031731680981897
son kite,richard souther,0.004027617100888974
the badloves,poe,0.0040260464749085016
malvina reynolds,junkie xl,0.004021342199434603
adelitas way,malvina reynolds,0.0039984221594985105
the badloves,tony bennett,0.003984654346230779
neal schon,planet p project,0.003954087930964849
casual,chokebore,0.003946848622971665
casual,frankie goes to hollywood,0.003944829523724276
halvdan sivertsen,beach house,0.003854581660314461
malvina reynolds,mike stern,0.003829960077176459
tangerine dream,blue rodeo,0.0038206341608519588
snoop dogg,malvina reynolds,0.003758795477658967
snoop dogg,tesla,0.0037539019899780536
planet p project,thomas dutronc,0.0037245770061138236
son kite,neal schon,0.003716096954112621
casual,suicide commando,0.003698724450713212
paris hilton,andy andy,0.0036874352561943958
frankie goes to hollywood,thomas dutronc,0.0036632740296908407
chokebore,motorbass,0.003660789289783262
tangerine dream,alisha's attic,0.0036413854842136336
beach house,eumir deodato,0.0036401923505983897
the donkeys,tangerine dream,0.0036400702394441525
chokebore,latin lover,0.0036229815952977815
big brother & the holding company,the badloves,0.0036067041732863237
casual,blue rodeo,0.0035840850697730917
cristina,blue rodeo,0.0035466800177301376
talkdemonic,blue rodeo,0.0035194811836990235
gob,talkdemonic,0.0035150990919323513
the box tops,cristina,0.0035090938696199477
alisha's attic,motorbass,0.0034924377617974976
junkie xl,thomas dutronc,0.0034739734740403204
halvdan sivertsen,blue rodeo,0.003455140318978192
adelitas way,son kite,0.003449154531394092
planet p project,talkdemonic,0.003434853057386287
beach house,latin lover,0.003400616343046498
paris hilton,international noise conspiracy,0.0033361086298940284
adam ant,the donkeys,0.003333630810913176
gob,planet p project,0.003333622446410494
snoop dogg,suicide commando,0.0033327049979725723
cristina,andy andy,0.0033063714167795564
the box tops,thomas dutronc,0.003298259932597913
gob,defecation,0.003275665166917259
matthew wilder,the donkeys,0.003263272741044572
lionel richie,duesenjaeger,0.0032541212746549563
snoop dogg,blue rodeo,0.0032125809766556054
halvdan sivertsen,snoop dogg,0.003182026937929029
cyndi lauper,the donkeys,0.003173479882315248
the badloves,blue rodeo,0.003168383854115774
the box tops,motorbass,0.00314026366282911
son kite,latin lover,0.0031275098736827434
blue rodeo,junkie xl,0.0031167048477909894
malvina reynolds,extreme noise terror,0.003106349735610251
gob,matthew wilder,0.00310103353857329
casual,tony bennett,0.0030929299241274307
cyndi lauper,eumir deodato,0.003090360457154777
snoop dogg,talkdemonic,0.003080131720420493
tangerine dream,tesla,0.003076617143485673
gob,tangerine dream,0.00306800549212628
extreme noise terror,lionel richie,0.0030606855047831914
tony bennett,international noise conspiracy,0.003058459981085538
alejandro santiago,lionel richie,0.0030161039364831124
alejandro santiago,eumir deodato,0.0029575881873812643
halvdan sivertsen,frankie goes to hollywood,0.0029560430793479594
cyndi lauper,extreme noise terror,0.002934745822004512
the badloves,planet p project,0.0029335814467804674
the box tops,chokebore,0.002931991360204271
suicide commando,duesenjaeger,0.002927143602507976
suicide commando,alisha's attic,0.002925959636602836
neal schon,junkie xl,0.0029018190037919276
international noise conspiracy,matthew wilder,0.0029005020925217174
neal schon,o.a.r.,0.0028908164814357203
casual,o.a.r.,0.0028612390251166906
neal schon,tony bennett,0.002834739824959296
gob,mike stern,0.002833092988426796
tony bennett,suicide commando,0.0028315353532180907
suicide commando,richard souther,0.002810999978528138
the box tops,talkdemonic,0.002796768939069732
malvina reynolds,talkdemonic,0.002792480676314853
planet p project,extreme noise terror,0.002790641818250916
mike stern,blue rodeo,0.0027845123624404434
frankie goes to hollywood,andy andy,0.0027757485255420137
adam ant,son kite,0.002755745124741974
gob,cristina,0.002749132703398835
sofia talvik,tesla,0.0027397361044578113
talkdemonic,tesla,0.002727019950825005
cyndi lauper,andy andy,0.0026990129927447182
adelitas way,planet p project,0.002694290735145507
the donkeys,junkie xl,0.0026781047800746695
the box tops,the badloves,0.0026697460411566924
gob,malvina reynolds,0.0026696133285975753
sonora santanera,suicide commando,0.0026539207263453213
frankie goes to hollywood,the donkeys,0.0026399486068133435
andy andy,latin lover,0.0026080474943063073
suicide commando,tesla,0.0026050060814038173
halvdan sivertsen,alisha's attic,0.002581272277467815
malvina reynolds,matthew wilder,0.002546567313924752
halvdan sivertsen,o.a.r.,0.002546014659731227
the donkeys,lionel richie,0.0025347795037674566
suicide commando,lionel richie,0.0025317269630700796
neal schon,beach house,0.002520195282809766
malvina reynolds,tesla,0.002510804241141265
casual,junkie xl,0.0025080320372862777
snoop dogg,mike stern,0.0024428121719111138
son kite,planet p project,0.002441542576973095
planet p project,international noise conspiracy,0.002432069309148956
the badloves,alisha's attic,0.0024161481511437814
sonora santanera,beach house,0.0024082318845432
paris hilton,tangerine dream,0.0023690001572946495
talkdemonic,chokebore,0.0023634589027205512
matthew wilder,eumir deodato,0.002354924368909724
casual,gob,0.0023167298623106088
alisha's attic,thomas dutronc,0.002297162728397553
talkdemonic,matthew wilder,0.0022688713591464903
halvdan sivertsen,malvina reynolds,0.0022654381881723517
the badloves,lionel richie,0.0022428800379348675
adelitas way,mike stern,0.0022383192322824198
the box tops,son kite,0.0022199809837545373
casual,tangerine dream,0.0022112972581492113
son kite,o.a.r.,0.002201727755193002
jamie cullum,latin lover,0.0021933907343050503
alisha's attic,defecation,0.0021886090767830172
paris hilton,blue rodeo,0.0021801871382004672
suicide commando,sofia talvik,0.002160752201785739
son kite,gob,0.002155714123530843
neal schon,the badloves,0.0021355224986711846
extreme noise terror,poe,0.0021301674279932173
big brother & the holding company,neal schon,0.0021158179215252973
big brother & the holding company,suicide commando,0.0021147205885262395
gob,the badloves,0.0021094617789214694
latin lover,o.a.r.,0.002104882078488478
blue rodeo,thomas dutronc,0.0020900853228444575
cristina,extreme noise terror,0.0020855679864030282
casual,halvdan sivertsen,0.0020380481885990402
talkdemonic,the donkeys,0.0020054286478867027
planet p project,chokebore,0.0019998935446447776
neal schon,sofia talvik,0.001996410598261618
chokebore,suicide commando,0.0019921867948145848
the badloves,o.a.r.,0.0019641352508227286
son kite,alisha's attic,0.0019605027100440178
cyndi lauper,neal schon,0.0019456234968410091
neal schon,poe,0.0019449881275724
big brother & the holding company,eumir deodato,0.001903394002710961
malvina reynolds,the donkeys,0.001859782466106899
adelitas way,the badloves,0.0018218277710696277
international noise conspiracy,tangerine dream,0.0018192075426274928
casual,lionel richie,0.0018099607371263194
adam ant,thomas dutronc,0.0017883330016272671
gob,thomas dutronc,0.0017677571345748682
adam ant,talkdemonic,0.001753690615739812
suicide commando,o.a.r.,0.001752289578486512
son kite,matthew wilder,0.0017513438182520814
tesla,thomas dutronc,0.001744990906596704
poe,defecation,0.001737480513866157
son kite,tesla,0.001728457723458538
jamie cullum,alejandro santiago,0.0017276098363974218
tony bennett,latin lover,0.0017085391250901928
cristina,o.a.r.,0.0016993800639291165
cyndi lauper,alejandro santiago,0.00169501034449097
sonora santanera,junkie xl,0.001652071880026159
paris hilton,talkdemonic,0.0016511446107296884
snoop dogg,thomas dutronc,0.0016497110592591556
extreme noise terror,latin lover,0.001645084497627847
paris hilton,suicide commando,0.0016450301018983823
the badloves,international noise conspiracy,0.0016445186671119965
halvdan sivertsen,mike stern,0.0016308598079935502
neal schon,duesenjaeger,0.0016302018497202674
snoop dogg,international noise conspiracy,0.0016199781577356906
tony bennett,alejandro santiago,0.0016085655475532512
casual,beach house,0.001600970421335329
malvina reynolds,tangerine dream,0.001592853588081154
gob,suicide commando,0.0015426724612303544
adelitas way,tangerine dream,0.001521039679697627
suicide commando,mike stern,0.0015133054819910592
alejandro santiago,alisha's attic,0.0015071487414437278
suicide commando,defecation,0.0015039206407191506
cristina,duesenjaeger,0.0014925230246957415
adelitas way,thomas dutronc,0.0014909894632379962
gob,neal schon,0.001477837738883293
casual,matthew wilder,0.001464769752134197
latin lover,alisha's attic,0.0014384919493438191
latin lover,blue rodeo,0.0014279906765234936
matthew wilder,thomas dutronc,0.0014024527336240632
adelitas way,suicide commando,0.0013845547497191065
chokebore,tangerine dream,0.001380637282764592
neal schon,cristina,0.0013533430040290164
the badloves,chokebore,0.0013522896958705402
matthew wilder,andy andy,0.0013377849694112068
cristina,mike stern,0.0013365760137526133
neal schon,frankie goes to hollywood,0.0013315206182324133
suicide commando,extreme noise terror,0.0013273163371200075
sonora santanera,cyndi lauper,0.0013220874152070241
matthew wilder,extreme noise terror,0.0012657568463433696
alejandro santiago,poe,0.0012654379577724257
adam ant,andy andy,0.0012640829798748502
paris hilton,mike stern,0.0012626446275260978
international noise conspiracy,suicide commando,0.0012566819764934219
son kite,mike stern,0.0012381587855412643
malvina reynolds,suicide commando,0.001234803256592525
neal schon,blue rodeo,0.0012310854635179628
talkdemonic,extreme noise terror,0.0012196431756393803
adelitas way,sofia talvik,0.001208284086416283
gob,sofia talvik,0.0012036836278414332
adam ant,halvdan sivertsen,0.0011887745369801362
extreme noise terror,blue rodeo,0.0011685309714688384
malvina reynolds,thomas dutronc,0.0011114304042210785
sonora santanera,jamie cullum,0.001111193860543394
the box tops,mike stern,0.0011046683422259386
son kite,international noise conspiracy,0.0011024314943591433
paris hilton,alejandro santiago,0.0010734855628190564
big brother & the holding company,latin lover,0.0010590942270604555
alejandro santiago,tesla,0.0010537628823145153
casual,tesla,0.0010492075383252847
tangerine dream,latin lover,0.0010455421971818945
paris hilton,planet p project,0.0010322554743590528
adelitas way,talkdemonic,0.001017165173589355
sonora santanera,paris hilton,0.001000961511997588
the box tops,sofia talvik,0.000986324264737202
son kite,blue rodeo,0.0009571922482742797
snoop dogg,andy andy,0.0009529868802283373
tony bennett,chokebore,0.0009510176430912263
matthew wilder,sofia talvik,0.0009423342702450047
neal schon,alisha's attic,0.0009379677894406947
casual,mike stern,0.0009355893293880849
cristina,the donkeys,0.0009352837693789337
paris hilton,chokebore,0.0009334756969640743
frankie goes to hollywood,eumir deodato,0.00093301876562077
chokebore,extreme noise terror,0.000931052626963635
international noise conspiracy,mike stern,0.0009295263405378823
the box tops,latin lover,0.0008906949716926652
suicide commando,eumir deodato,0.0008882357721961308
mike stern,duesenjaeger,0.0008749986746786405
paris hilton,the donkeys,0.0008736226000527765
sonora santanera,snoop dogg,0.0008191854827349645
frankie goes to hollywood,alejandro santiago,0.0008146305052026782
adam ant,alejandro santiago,0.0007883614532003096
the box tops,neal schon,0.0007753960253482456
casual,extreme noise terror,0.0007738378999891506
halvdan sivertsen,thomas dutronc,0.0007669389210680993
cyndi lauper,richard souther,0.0007317148465198669
the box tops,alejandro santiago,0.0007249400206905082
extreme noise terror,junkie xl,0.0007238062437702079
the badloves,talkdemonic,0.0007162157292763889
paris hilton,duesenjaeger,0.0007008582525515509
son kite,thomas dutronc,0.0006983789910433732
sonora santanera,gob,0.0006945118390175606
duesenjaeger,thomas dutronc,0.0006843304340046634
o.a.r.,motorbass,0.000678094858269702
snoop dogg,chokebore,0.0006619231312246214
sonora santanera,tesla,0.000652812832119818
international noise conspiracy,thomas dutronc,0.0006522144824301816
the donkeys,thomas dutronc,0.0006317236534484106
the donkeys,mike stern,0.0006249630760882838
cristina,eumir deodato,0.0006099110619083316
son kite,sofia talvik,0.0006093253692342356
alejandro santiago,beach house,0.0005960120411127602
adam ant,neal schon,0.0005940339311165929
mike stern,motorbass,0.0005905924230193182
alisha's attic,eumir deodato,0.0005882973304892979
suicide commando,thomas dutronc,0.0005777382703267771
blue rodeo,richard souther,0.0005726761116048271
the donkeys,eumir deodato,0.0005590122755464535
halvdan sivertsen,the donkeys,0.0005581267047521389
blue rodeo,eumir deodato,0.0005573037731892461
son kite,andy andy,0.0005453577910728214
sofia talvik,eumir deodato,0.0005452853121898137
neal schon,international noise conspiracy,0.0005423577526254698
malvina reynolds,motorbass,0.0005369686817726309
sonora santanera,sofia talvik,0.0005325476459008642
chokebore,mike stern,0.0005268375310977414
matthew wilder,mike stern,0.0005239084559413605
casual,son kite,0.0005216149565088619
casual,the box tops,0.0005206140259374102
andy andy,beach house,0.0005009899325901842
the box tops,andy andy,0.00047548061239587595
the badloves,junkie xl,0.0004721330359662638
snoop dogg,planet p project,0.00044952254939052564
adelitas way,halvdan sivertsen,0.00044479871572569273
big brother & the holding company,alejandro santiago,0.00044365983782702564
snoop dogg,the donkeys,0.0004347998438196735
the badloves,tangerine dream,0.00042617477803765316
sonora santanera,mike stern,0.0004204630865350113
adelitas way,neal schon,0.00041236930006935776
jamie cullum,andy andy,0.000407614330082385
international noise conspiracy,eumir deodato,0.00040666274812368514
the box tops,extreme noise terror,0.000406083964601659
adelitas way,cristina,0.00037754261850260734
frankie goes to hollywood,richard souther,0.0003734839391656671
neal schon,motorbass,0.00037183260328878254
son kite,the donkeys,0.0003516639770342718
chokebore,eumir deodato,0.00033439927133682376
the donkeys,motorbass,0.00033416885583456904
halvdan sivertsen,matthew wilder,0.0003285121064975917
halvdan sivertsen,talkdemonic,0.00032524147668042694
gob,motorbass,0.00031647667328946194
neal schon,chokebore,0.0003060897216698686
chokebore,matthew wilder,0.0003018288759278264
chokebore,thomas dutronc,0.00029950879986844614
neal schon,suicide commando,0.0002907514512549818
casual,adam ant,0.0002855997799917464
matthew wilder,alejandro santiago,0.00028460227637717734
tony bennett,extreme noise terror,0.00028302897614973017
sofia talvik,alejandro santiago,0.00027988258572401575
extreme noise terror,o.a.r.,0.0002793824674317702
sonora santanera,blue rodeo,0.00027214268001435685
extreme noise terror,beach house,0.00027012207581469174
the box tops,suicide commando,0.00027005828744954447
sofia talvik,motorbass,0.00026591953533645354
big brother & the holding company,extreme noise terror,0.0002640171772667359
gob,alejandro santiago,0.0002578265540415452
international noise conspiracy,motorbass,0.0002430966746091441
the badloves,mike stern,0.00024099388996695948
neal schon,paris hilton,0.0002308330213468029
adam ant,eumir deodato,0.00022611350112344613
andy andy,tangerine dream,0.0002142395870876175
snoop dogg,alejandro santiago,0.0002027397838009356
alejandro santiago,junkie xl,0.0002019707217502055
extreme noise terror,tangerine dream,0.00019818407059423726
the badloves,paris hilton,0.0001930317856308486
tony bennett,duesenjaeger,0.00019295172111605862
tony bennett,planet p project,0.0001917836301290494
neal schon,snoop dogg,0.0001896632660704286
the badloves,thomas dutronc,0.00018847966069677902
snoop dogg,richard souther,0.00018360641149898712
international noise conspiracy,alejandro santiago,0.00017587448707573027
cristina,alejandro santiago,0.0001758505390029261
eumir deodato,tesla,0.00016449015021934382
tesla,motorbass,0.0001578035667250225
blue rodeo,motorbass,0.00014728449330490668
adelitas way,extreme noise terror,0.00013651562961151177
halvdan sivertsen,junkie xl,0.00013032740181593717
mike stern,alejandro santiago,0.00011158404350738485
alejandro santiago,blue rodeo,0.00010934947031723607
gob,eumir deodato,9.9359166821287e-05
halvdan sivertsen,paris hilton,9.53160124490246e-05
the badloves,suicide commando,9.223755433650494e-05
malvina reynolds,alejandro santiago,8.975421478123339e-05
alejandro santiago,thomas dutronc,8.062848859591853e-05
extreme noise terror,mike stern,7.763381423111297e-05
paris hilton,richard souther,7.47827995571457e-05
suicide commando,the donkeys,6.995362846298775e-05
son kite,chokebore,6.152137033294627e-05
big brother & the holding company,motorbass,5.8435723067121984e-05
gob,halvdan sivertsen,4.9600882476752236e-05
paris hilton,eumir deodato,4.773362442745501e-05
alejandro santiago,tangerine dream,4.5577634350368194e-05
lionel richie,defecation,0.0
halvdan sivertsen,andy andy,0.0
cyndi lauper,defecation,0.0
halvdan sivertsen,suicide commando,0.0
casual,sonora santanera,0.0
talkdemonic,defecation,0.0
adelitas way,motorbass,0.0
son kite,the badloves,0.0
international noise conspiracy,richard souther,0.0
sonora santanera,adam ant,0.0
jamie cullum,defecation,0.0
chokebore,andy andy,0.0
sonora santanera,son kite,0.0
halvdan sivertsen,international noise conspiracy,0.0
international noise conspiracy,latin lover,0.0
halvdan sivertsen,chokebore,0.0
casual,the donkeys,0.0
neal schon,extreme noise terror,0.0
sonora santanera,matthew wilder,0.0
neal schon,the donkeys,0.0
casual,andy andy,0.0
chokebore,richard souther,0.0
big brother & the holding company,defecation,0.0
neal schon,andy andy,0.0
tangerine dream,defecation,0.0
neal schon,matthew wilder,0.0
sonora santanera,chokebore,0.0
chokebore,alejandro santiago,0.0
sonora santanera,talkdemonic,0.0
casual,planet p project,0.0
neal schon,malvina reynolds,0.0
sonora santanera,international noise conspiracy,0.0
chokebore,defecation,0.0
casual,malvina reynolds,0.0
beach house,defecation,0.0
casual,the badloves,0.0
casual,neal schon,0.0
latin lover,richard souther,0.0
adelitas way,richard souther,0.0
latin lover,duesenjaeger,0.0
son kite,halvdan sivertsen,0.0
halvdan sivertsen,tangerine dream,0.0
sonora santanera,the badloves,0.0
halvdan sivertsen,latin lover,0.0
duesenjaeger,defecation,0.0
talkdemonic,alejandro santiago,0.0
duesenjaeger,eumir deodato,0.0
sonora santanera,malvina reynolds,0.0
duesenjaeger,motorbass,0.0
halvdan sivertsen,richard souther,0.0
halvdan sivertsen,duesenjaeger,0.0
halvdan sivertsen,defecation,0.0
defecation,junkie xl,0.0
defecation,eumir deodato,0.0
adam ant,defecation,0.0
defecation,thomas dutronc,0.0
defecation,motorbass,0.0
sonora santanera,frankie goes to hollywood,0.0
halvdan sivertsen,eumir deodato,0.0
talkdemonic,andy andy,0.0
paris hilton,defecation,0.0
halvdan sivertsen,motorbass,0.0
adelitas way,sonora santanera,0.0
tony bennett,andy andy,0.0
sonora santanera,neal schon,0.0
adelitas way,matthew wilder,0.0
o.a.r.,defecation,0.0
blue rodeo,defecation,0.0
latin lover,defecation,0.0
adelitas way,eumir deodato,0.0
latin lover,eumir deodato,0.0
adelitas way,defecation,0.0
latin lover,thomas dutronc,0.0
sonora santanera,planet p project,0.0
sonora santanera,halvdan sivertsen,0.0
halvdan sivertsen,planet p project,0.0
adelitas way,latin lover,0.0
tony bennett,defecation,0.0
halvdan sivertsen,extreme noise terror,0.0
adelitas way,andy andy,0.0
international noise conspiracy,defecation,0.0
adelitas way,alejandro santiago,0.0
richard souther,duesenjaeger,0.0
richard souther,alisha's attic,0.0
richard souther,defecation,0.0
frankie goes to hollywood,defecation,0.0
richard souther,tesla,0.0
adelitas way,the donkeys,0.0
richard souther,motorbass,0.0
talkdemonic,latin lover,0.0
casual,sofia talvik,0.0
son kite,alejandro santiago,0.0
son kite,defecation,0.0
andy andy,sofia talvik,0.0
snoop dogg,eumir deodato,0.0
the donkeys,latin lover,0.0
planet p project,sofia talvik,0.0
the donkeys,richard souther,0.0
the box tops,defecation,0.0
the badloves,latin lover,0.0
snoop dogg,defecation,0.0
the donkeys,defecation,0.0
gob,latin lover,0.0
andy andy,mike stern,0.0
snoop dogg,duesenjaeger,0.0
andy andy,extreme noise terror,0.0
extreme noise terror,thomas dutronc,0.0
extreme noise terror,sofia talvik,0.0
extreme noise terror,alejandro santiago,0.0
malvina reynolds,duesenjaeger,0.0
andy andy,the donkeys,0.0
planet p project,the donkeys,0.0
malvina reynolds,defecation,0.0
extreme noise terror,richard souther,0.0
andy andy,suicide commando,0.0
the box tops,eumir deodato,0.0
gob,richard souther,0.0
extreme noise terror,eumir deodato,0.0
planet p project,alejandro santiago,0.0
the badloves,alejandro santiago,0.0
the donkeys,alejandro santiago,0.0
andy andy,blue rodeo,0.0
andy andy,tesla,0.0
andy andy,thomas dutronc,0.0
the badloves,extreme noise terror,0.0
son kite,duesenjaeger,0.0
planet p project,richard souther,0.0
sonora santanera,tangerine dream,0.0
suicide commando,alejandro santiago,0.0
the badloves,the donkeys,0.0
the box tops,richard souther,0.0
the badloves,andy andy,0.0
suicide commando,latin lover,0.0
the badloves,matthew wilder,0.0
malvina reynolds,latin lover,0.0
malvina reynolds,richard souther,0.0
andy andy,defecation,0.0
sonora santanera,latin lover,0.0
adam ant,richard souther,0.0
andy andy,alisha's attic,0.0
andy andy,duesenjaeger,0.0
andy andy,o.a.r.,0.0
andy andy,richard souther,0.0
the badloves,malvina reynolds,0.0
the donkeys,extreme noise terror,0.0
planet p project,andy andy,0.0
extreme noise terror,motorbass,0.0
son kite,extreme noise terror,0.0
alejandro santiago,defecation,0.0
sonora santanera,defecation,0.0
casual,richard souther,0.0
planet p project,eumir deodato,0.0
sonora santanera,extreme noise terror,0.0
malvina reynolds,andy andy,0.0
cristina,defecation,0.0
alejandro santiago,latin lover,0.0
alejandro santiago,richard souther,0.0
alejandro santiago,o.a.r.,0.0
alejandro santiago,duesenjaeger,0.0
international noise conspiracy,andy andy,0.0
neal schon,latin lover,0.0
the badloves,richard souther,0.0
gob,andy andy,0.0
alejandro santiago,motorbass,0.0
halvdan sivertsen,cristina,0.0
casual,latin lover,0.0
the badloves,sofia talvik,0.0
poe,latin lover,0.0
sonora santanera,thomas dutronc,0.0
sonora santanera,motorbass,0.0
sonora santanera,the donkeys,0.0
neal schon,alejandro santiago,0.0
casual,alejandro santiago,0.0
casual,duesenjaeger,0.0
big brother & the holding company,andy andy,0.0
mike stern,defecation,0.0
neal schon,defecation,0.0
planet p project,defecation,0.0
snoop dogg,extreme noise terror,0.0
the badloves,defecation,0.0
sonora santanera,richard souther,0.0
sofia talvik,latin lover,0.0
halvdan sivertsen,neal schon,0.0
matthew wilder,defecation,0.0
the box tops,halvdan sivertsen,0.0
malvina reynolds,eumir deodato,0.0
the box tops,sonora santanera,0.0
sofia talvik,defecation,0.0
big brother & the holding company,sonora santanera,0.0
matthew wilder,duesenjaeger,0.0
sonora santanera,o.a.r.,0.0
matthew wilder,richard souther,0.0
the badloves,eumir deodato,0.0
casual,thomas dutronc,0.0
sonora santanera,duesenjaeger,0.0
casual,eumir deodato,0.0
halvdan sivertsen,the badloves,0.0
mike stern,latin lover,0.0
casual,defecation,0.0
the badloves,motorbass,0.0
sonora santanera,cristina,0.0
